{
    "_step": 0,
    "downloaded_queries/msmarco-doctrain-queries.tsv": true,
    "_timestamp": 1571136728.5483506,
    "_runtime": 61.92790484428406
}
