{
    "_runtime": 48.796273946762085,
    "_step": 0,
    "_timestamp": 1571133712.9941022,
    "downloaded_queries/msmarco-doctrain-queries.tsv": true
}
