dataset,BERT,QL
TPC-all,0.45370046168984196,0.4401879447726199
