{
    "_timestamp": 1571065016.6250224,
    "_runtime": 1.8290164470672607,
    "hello world": "this is a test",
    "_step": 0
}
