{
    "_step": 0,
    "_runtime": 1.7227442264556885,
    "_timestamp": 1571064590.692028,
    "hello world": "this is a test"
}
