{
    "_step": 0,
    "_timestamp": 1571064370.8020234,
    "hello world": "this is a test",
    "_runtime": 1.6931984424591064
}
