{
    "_timestamp": 1571130707.0610545,
    "_runtime": 1.813701868057251,
    "hello world": "this is a test",
    "_step": 0
}
