{
    "_runtime": 2.435905694961548,
    "hello world": "this is a test",
    "_step": 0,
    "_timestamp": 1571064895.215575
}
